{"type":"Topology","objects":
  {"municipalities":
    {"type":"GeometryCollection","geometries":[
        {"type":"Polygon","id":4401,"arcs":[[-1,-2,-3,-4]]},
        {"type":"Polygon","id":4406,"arcs":[[-5,-6,-7]]},
        {"type":"Polygon","id":4411,"arcs":[[2,-8,-9,-10,-11,-12],[-13]]},
        {"type":"Polygon","id":4416,"arcs":[[5,-14,-15,-16,-17,-18,-19]]},
        {"type":"Polygon","id":4421,"arcs":[[-20,-21]]},
        {"type":"Polygon","id":4426,"arcs":[[-22,6,18,-23,-24,-25]]},
        {"type":"Polygon","id":4431,"arcs":[[1,-26,7]]},
        {"type":"Polygon","id":4436,"arcs":[[-27,14,-28,-29]]},
        {"type":"Polygon","id":4441,"arcs":[[-30,10,-31,15,26]]},
        {"type":"Polygon","id":4446,"arcs":[[22,17,-32,-33,-34,-35]]},
        {"type":"Polygon","id":4451,"arcs":[[27,13,4,21,-36]]},
        {"type":"Polygon","id":4461,"arcs":[[16,30,9,-37,-38,-39,31]]},
        {"type":"Polygon","id":4471,"arcs":[[-40,-41,-42,-43,-44]]},
        {"type":"Polygon","id":4476,"arcs":[[32,38,-45,-46,-47,-48,-49]]},
        {"type":"Polygon","id":4486,"arcs":[[-50,41,-51]]},
        {"type":"Polygon","id":4495,"arcs":[[-52,39,-53,-54,45]]},
        {"type":"Polygon","id":4501,"arcs":[[-55,52,43,-56,-57,-58,-59]]},
        {"type":"Polygon","id":4506,"arcs":[[46,53,54,-60,-61]]},
        {"type":"Polygon","id":4511,"arcs":[[-62,50,40,51,44,37]]},
        {"type":"Polygon","id":4536,"arcs":[[-63,-64,-65]]},
        {"type":"Polygon","id":4545,"arcs":[[-66,-67,64,-68,-69]]},
        {"type":"Polygon","id":4546,"arcs":[[67,63,-70]]},
        {"type":"Polygon","id":4551,"arcs":[[-71,-72,-73,-74,-75]]},
        {"type":"Polygon","id":4561,"arcs":[[-76,-77,-78,-79,-80]]},
        {"type":"Polygon","id":4566,"arcs":[[-81,-82,74,-83,-84,-85,-86,-87,76]]},
        {"type":"Polygon","id":4571,"arcs":[[-88,83]]},
        {"type":"Polygon","id":4590,"arcs":[[-89,-90,-91,79,-92]]},
        {"type":"Polygon","id":4591,"arcs":[[-93,-94,-95,70,81]]},
        {"type":"Polygon","id":4601,"arcs":[[-96,-97,-98]]},
        {"type":"Polygon","id":4606,"arcs":[[-99,-100,93,-101]]},
        {"type":"Polygon","id":4611,"arcs":[[-102,-103,-104,100,92,80,75,90]]},
        {"type":"Polygon","id":4616,"arcs":[[-105,85,-106,96,-107]]},
        {"type":"Polygon","id":4621,"arcs":[[-108,77,86,104,-109,-110]]},
        {"type":"Polygon","id":4641,"arcs":[[-111,-112,-113,-114]]},
        {"type":"Polygon","id":4643,"arcs":[[-115,-116,-117,-118]]},
        {"type":"Polygon","id":4646,"arcs":[[-119,-120,-121,-122,-123,-124]]},
        {"type":"Polygon","id":4651,"arcs":[[-125,118,-126]]},
        {"type":"Polygon","id":4656,"arcs":[[23,34,-127,110,-128]]},
        {"type":"Polygon","id":4666,"arcs":[[-129,-130,-131,-132,-133,-134,-135,-136]]},
        {"type":"Polygon","id":4671,"arcs":[[-137,116,-138,135,-139,-140]]},
        {"type":"Polygon","id":4681,"arcs":[[111,126,33,48,-141,-142,-143]]},
        {"type":"Polygon","id":4683,"arcs":[[115,-144,141,-145,-146,128,137]]},
        {"type":"Polygon","id":4691,"arcs":[[112,142,143,114,-147]]},
        {"type":"Polygon","id":4696,"arcs":[[-148,138,134,-149,119,124,-150]]},
        {"type":"Polygon","id":4701,"arcs":[[148,133,-151,-152,120]]},
        {"type":"Polygon","id":4711,"arcs":[[-153,-154,-155,-156,102,-157]]},
        {"type":"Polygon","id":4716,"arcs":[[-158,-159,-160,-161,-162]]},
        {"type":"MultiPolygon","id":4721,"arcs":[[[-163,-164]],[[-165,-166,-167,72,-168]]]},
        {"type":"Polygon","id":4723,"arcs":[[-169,-170,-171,-172,-173,153]]},
        {"type":"Polygon","id":4724,"arcs":[[-174,-175,164,-176,-177]]},
        {"type":"Polygon","id":4726,"arcs":[[-178,162,-179,165,174,-180]]},
        {"type":"Polygon","id":4741,"arcs":[[155,-181,161,-182,98,103]]},
        {"type":"Polygon","id":4746,"arcs":[[-183,-184,176,-185,159]]},
        {"type":"Polygon","id":4751,"arcs":[[-186,-187]]},
        {"type":"Polygon","id":4756,"arcs":[[57,-188,169,-189,-190]]},
        {"type":"Polygon","id":4761,"arcs":[[-191,-192,-193,179,173,183]]},
        {"type":"Polygon","id":4776,"arcs":[[172,-194,157,180,154]]},
        {"type":"Polygon","id":4781,"arcs":[[181,160,184,175,167,71,94,99]]},
        {"type":"Polygon","id":4786,"arcs":[[185,-195,191,-196]]},
        {"type":"Polygon","id":4791,"arcs":[[56,-197,170,187]]},
        {"type":"Polygon","id":4801,"arcs":[[-198,-199,-200,-201]]},
        {"type":"Polygon","id":4806,"arcs":[[-202,-203,-204,-205,-206]]},
        {"type":"Polygon","id":4811,"arcs":[[-207,109,-208,-209,-210]]},
        {"type":"Polygon","id":4816,"arcs":[[-211,-212,-213,-214,209,-215,-216]]},
        {"type":"Polygon","id":4821,"arcs":[[202,-217,207,108,106,95,-218,-219]]},
        {"type":"Polygon","id":4826,"arcs":[[-220,214,208,216,201,-221]]},
        {"type":"Polygon","id":4831,"arcs":[[88,-222,212,-223]]},
        {"type":"Polygon","id":4841,"arcs":[[221,91,78,107,206,213]]},
        {"type":"Polygon","id":4846,"arcs":[[-224,121,151,-225,210,-226,198]]},
        {"type":"Polygon","id":4851,"arcs":[[122,223,197,-227]]},
        {"type":"Polygon","id":4864,"arcs":[[199,225,215,219,-228]]},
        {"type":"Polygon","id":4871,"arcs":[[203,218,-229,65,-230]]},
        {"type":"Polygon","id":4881,"arcs":[[-231,-232,-233,156,101,89,-234]]},
        {"type":"Polygon","id":4891,"arcs":[[-235,-236,-237,129,145]]},
        {"type":"Polygon","id":4901,"arcs":[[144,140,47,60,-238,234]]},
        {"type":"Polygon","id":4911,"arcs":[[59,58,189,-239,-240,235,237]]},
        {"type":"Polygon","id":4921,"arcs":[[238,188,168,152,232,-241]]},
        {"type":"Polygon","id":4941,"arcs":[[-242,230,-243,131]]},
        {"type":"Polygon","id":4946,"arcs":[[236,239,240,231,241,130]]},
        {"type":"Polygon","id":4951,"arcs":[[150,132,242,233,222,211,224]]},
        {"type":"MultiPolygon","id":9329,"arcs":[[[3,11,29,28,35,24,127,113,146,117,136,-244]],[[149,125,123,226,200,227,220,205,-245]]]}]},"lakes":{"type":"GeometryCollection","geometries":[{"type":"MultiPolygon","id":9326,"arcs":[[[-246,19,-247,3,11,29,28,35,24,127,113,146,117,136],[-248],[-249]],[[149,125,123,226,200,227,220,205,-250],[-251]]]}]}},"arcs":[[[69155,29130],[524,-168],[318,1077],[342,386],[171,447],[108,182],[356,224]],[[67640,35824],[304,-328],[-155,-841],[437,-266],[588,-457],[-184,-634],[165,-681],[-310,-191],[-415,192],[9,-214],[160,-252],[219,-132],[-129,-661],[-210,128],[579,-1477],[264,203],[526,-311],[-51,-400],[-282,-372]],[[68117,37597],[-330,-438],[-147,-1335]],[[70974,31278],[-49,366],[0,817],[220,341],[196,488],[-60,365],[-124,244],[-152,175],[-161,98],[-102,241],[-196,78],[-185,-220],[-425,380],[-317,386],[-73,163],[0,244],[-415,589],[-416,548],[-219,326],[-379,690]],[[60483,45376],[56,603],[249,128],[247,417],[-363,471],[209,153],[-121,331]],[[58930,45705],[-154,-305],[-98,-569],[71,-278],[673,949],[127,-346],[485,474],[449,-254]],[[60760,47479],[-531,705],[-271,-667],[-305,78],[-53,-551],[-112,-22],[33,-697],[-116,-437],[-475,-183]],[[64407,29809],[738,2164],[306,-24],[29,258],[158,-447],[491,-31],[423,555],[-41,630],[-219,51],[33,741],[223,543],[-67,1012],[116,-49],[305,733],[738,-121]],[[62036,36565],[88,-1085],[-179,-591],[174,-112],[307,-880],[233,84],[220,0],[366,-163],[244,81],[136,-40],[-55,-752],[-81,-41],[-127,-270],[-268,94],[-66,-262],[-125,-74],[-226,-567],[232,-77],[-470,-971],[-348,48],[-91,-85],[-153,-926],[96,-385],[86,70],[51,487],[219,43],[410,-415],[584,-209],[378,-65],[4,339],[140,519],[592,-551]],[[60473,38827],[-137,-453],[858,-537],[-25,-355],[524,-287],[243,-39],[-120,-493],[220,-98]],[[65859,41385],[-508,-211],[-577,-598],[-74,-368],[-423,-508],[-849,372],[-1388,-264],[-675,-443],[-196,-81],[-146,-244],[-171,-183],[-379,-30]],[[68117,37597],[-146,204],[-391,386],[-489,422],[-317,390],[-293,407],[-220,406],[-134,407],[73,569],[-195,406],[-146,191]],[[63379,31987],[20,175],[292,-51],[200,-297],[-76,-546],[-329,272],[-107,447]],[[60697,43464],[-273,107],[223,1260],[-164,545]],[[61368,40554],[-113,71],[24,427],[-37,203],[35,744],[-104,158],[-415,-12],[69,482],[-130,837]],[[60373,39067],[281,60],[-7,1086],[521,-76],[200,27],[0,390]],[[57906,42490],[159,-680],[155,115],[91,-327],[532,179],[388,-114],[253,-2125],[889,-471]],[[58214,46692],[-134,-1078],[128,-452],[-179,-416],[39,-453],[-220,81],[-79,-518],[28,-675],[118,21],[104,-389],[-113,-323]],[[58930,45705],[41,264],[-122,183],[-61,366],[-73,162],[-122,41],[-379,-29]],[[74750,27480],[-137,323],[-171,163],[-146,244],[-318,650],[-415,286],[-977,486],[-391,366]],[[72195,29998],[-80,-642],[215,-256],[-168,-766],[136,-69],[-11,-236],[369,-116],[-56,-372],[249,-103],[931,-309],[-127,-809],[216,280],[781,838],[100,42]],[[60760,47479],[114,264],[-181,217],[205,382],[-297,641],[342,355],[152,595]],[[58022,47044],[33,-242],[159,-110]],[[59438,52132],[-137,-410],[-281,85],[-210,-335],[-106,132],[-580,-1226],[509,-660],[-493,-1361],[-118,-1313]],[[61095,49933],[-512,547],[-244,406],[-281,387],[-171,182],[-449,677]],[[64407,29809],[355,-254],[50,167],[418,-76],[118,-229],[-8,-781],[-102,-406],[-373,-93],[-139,-458],[475,-467],[-242,-323],[-114,-260],[-99,-610],[484,275],[291,225],[283,33],[154,-130],[425,-955],[244,61],[114,-175],[205,-561],[29,-547],[485,-274],[126,402],[242,628],[136,598],[-168,105],[160,484],[-138,230],[292,278],[-32,419],[214,505],[-5,565],[327,-10],[266,425],[26,362],[249,168]],[[61368,40554],[58,30],[0,285],[85,122],[269,-102],[268,102],[513,-285],[391,0],[146,-101],[147,61],[67,406],[-262,301],[339,225],[491,2],[146,-61],[159,204],[12,284],[110,142],[147,21],[126,-90],[499,88],[361,-15],[296,55]],[[63495,47698],[-84,-305],[81,-113],[-246,-397],[91,-217],[-308,-620],[-25,-203],[-357,-423],[-287,411],[-479,-1396],[-480,-593],[-478,75],[-226,-453]],[[65736,42228],[-77,352],[164,550],[44,328],[19,711],[-223,73],[-8,542],[328,47],[39,-284],[80,162],[-49,366],[-171,102],[-98,406],[-109,203],[-293,163],[-73,203],[-147,122],[-220,81],[-879,915],[-537,428],[-31,0]],[[65859,41385],[-160,256],[37,587]],[[60373,39067],[100,-240]],[[55110,44461],[487,-209],[38,-256],[263,122],[-28,-307],[323,81],[89,-375],[620,14],[268,-736],[202,61],[30,-467],[504,101]],[[54970,44929],[140,-468]],[[55972,47113],[-117,-890],[-571,0],[3,-187],[-284,-148],[80,-793],[-113,-166]],[[58022,47044],[-174,205],[-314,-30],[-256,-356],[-269,628],[-480,-140],[-275,290],[-289,-189],[7,-339]],[[63495,47698],[-18,39],[-708,589],[-171,163],[-232,426],[-196,-81],[-293,285],[-268,325],[-514,489]],[[57836,34322],[150,4],[94,396],[464,-61],[120,527],[417,-139],[536,-794],[61,303],[4,288],[-155,634],[140,228],[273,91],[-120,315],[345,285],[377,-133],[72,-325],[437,-199],[82,287],[687,-173],[98,45],[118,664]],[[53901,36134],[1810,210],[486,-789],[180,-34],[205,-1250],[470,518],[179,-461],[431,553],[174,-559]],[[55110,44461],[-42,-254],[-468,-158],[90,-1555],[-170,57],[230,-1493],[-584,-199],[4,-206],[-333,59],[-9,-414],[-260,-201],[132,-163],[-6,-813],[-144,6],[-21,-564],[155,0],[181,-813],[159,-21],[155,-873],[-284,-134],[6,-588]],[[52363,29904],[-397,-617],[-110,-315],[82,-435],[-160,-55],[29,-173],[-382,-445],[-293,163],[-244,447],[-318,305],[-171,406],[-24,691],[-98,284],[-344,590]],[[54060,29815],[-107,264],[-141,-173],[-165,-721],[-146,-488],[-95,-195],[-472,626],[138,275],[-196,310],[178,263],[-296,56],[-264,-394],[-131,266]],[[52951,24701],[776,540],[18,1248],[1054,1357],[-691,1315],[-131,697],[83,-43]],[[47258,28118],[296,88],[208,-1362],[590,370],[350,-358],[0,-542],[326,374],[188,-338],[1010,104],[-287,-589],[121,-791],[-105,-138],[304,-124],[-80,-454],[399,-214],[132,668],[330,429],[193,-83],[373,268],[340,-226],[71,183],[326,-215],[-20,-494],[442,-2],[186,29]],[[49933,30750],[-308,-102],[-123,474],[156,207],[-632,865],[-395,-117],[-27,-332],[-109,-406],[-416,-508],[-512,-386],[-74,-122],[-191,-660],[-44,-1545]],[[53452,35673],[452,228],[-3,233]],[[51533,36557],[293,142],[476,-71],[478,214],[196,-1195],[476,26]],[[50000,41657],[-205,-1134],[287,-715],[-257,-301],[-62,-334],[44,-338],[-709,-748],[21,-327],[164,-254],[351,203],[433,-278],[1081,248],[146,-498],[226,-4],[13,-620]],[[53299,45040],[-698,-518],[67,-325],[-220,-20],[-144,-281],[-171,-101],[-97,-163],[-147,-81],[-12,-244],[232,-366],[61,-243],[-488,-468],[-98,-40],[-110,-244],[-220,-81],[-76,-147],[-384,-97],[-37,260],[-177,34],[-580,-258]],[[54970,44929],[-86,715],[-219,447],[-171,-45],[-74,-335],[130,-711],[-478,254],[-67,227],[113,11],[6,290],[-155,325],[-165,-721],[-505,-346]],[[52951,24701],[220,-210],[305,27],[226,-951],[418,-214],[51,189],[497,-170],[544,-13],[334,480],[480,215],[9,167],[538,264],[57,468],[190,371],[130,-83],[397,-81],[92,-518],[148,120],[-26,-218],[687,-189],[186,-295],[49,126],[342,244],[171,325],[281,427],[73,427],[553,534],[399,1030],[149,45],[-112,402],[-49,326],[24,711],[-85,183],[-86,365],[-158,265],[-244,-102],[-171,-285],[-171,-365],[-98,-21],[-86,183],[0,163],[110,325],[-17,199],[-193,193]],[[59115,29760],[-119,14],[-147,-122],[-146,-243],[-49,-244],[220,-569],[-25,-203],[-73,-21],[-318,163],[-195,142],[-122,20],[-159,-304],[-73,-21],[-195,143],[-281,365],[-269,224],[-195,406],[-37,447],[37,407],[-183,142],[-171,-285],[-147,-569],[-207,-345],[-98,-81],[-98,61],[-16,227],[-94,118],[-293,203],[-195,244],[-171,122],[-196,-81],[-244,-325],[-146,61],[-135,162],[-195,-244],[-244,-122],[-76,163]],[[52363,29904],[194,185],[-84,214],[442,565],[-287,2052],[65,609],[283,122],[-6,1000],[339,534],[0,279],[153,-10],[-10,219]],[[50153,35368],[177,-599],[200,-16],[53,-701],[-324,-275],[34,-274],[-369,-291],[85,-654],[0,-284],[-122,-610],[-13,-610],[59,-304]],[[51533,36557],[-1380,-1189]],[[50153,35368],[-358,-189],[-454,65],[-248,449],[-407,19],[-305,-342],[-347,88],[-209,-210],[-235,395],[-420,-569],[-76,-368],[-401,1089]],[[46155,29650],[137,-97],[-53,-449],[137,-57],[72,595],[269,-162],[-247,-1106],[375,-467],[51,-347],[114,142],[215,-122],[113,333],[-80,205]],[[44890,29120],[430,207],[244,204],[244,81],[262,357],[85,-319]],[[45336,36222],[63,-545],[-361,-451],[166,-965],[-244,-224],[23,-443],[172,88],[-6,-945],[159,-295],[218,-150],[457,104],[45,-228],[-134,-549],[-538,-467],[-188,-843],[-320,-226],[-181,-532],[223,-431]],[[46693,35795],[-423,1077],[-407,370],[-36,-589],[-302,16],[88,-311],[-277,-136]],[[49026,42809],[-568,-512],[7,-481],[-430,-321],[-106,-746],[-244,-215],[-258,117],[0,204],[-412,-202],[-28,246],[-598,-292],[-114,-1906],[723,-2693],[-305,-213]],[[50000,41657],[-24,360],[-151,-71],[-63,305],[-287,-224],[-314,829],[-135,-47]],[[59115,29760],[204,931],[462,67],[74,-43],[176,518],[-40,236],[-470,134],[-765,1130],[-128,-317],[128,-136],[-53,-281],[-298,-69],[-136,-632],[-225,57],[-311,-359],[-34,-328],[-468,204],[0,-183],[-262,-159],[-175,80],[-93,-92],[-480,364],[-366,0],[-258,869],[136,124],[170,-158],[292,372],[236,-305],[8,-337],[223,-13],[-88,870],[277,124],[209,892],[-251,504],[331,157],[606,342],[90,-1]],[[5918,59543],[239,-74],[349,49],[436,193],[86,-693],[311,-172],[122,550],[830,455],[162,559],[259,167],[212,524],[345,390],[370,-30],[178,-277],[163,39],[139,413],[339,300],[395,728],[-16,573],[60,680],[168,1055],[411,-146],[505,85]],[[4771,65608],[211,-1012],[-31,-522],[210,12],[-189,-1008],[108,-30],[30,-1199],[214,-285],[601,51],[-25,-294],[-220,-47],[104,-539],[-118,-802],[281,-153],[-29,-237]],[[11981,64911],[6,803],[-1104,508],[-89,-228],[-809,-301],[-19,-197],[-244,157],[79,626],[-478,304],[6,380],[-232,-14],[255,467],[-77,604],[-707,163],[55,-366],[-121,18],[77,-252],[-721,-126],[-27,437],[-362,-35],[-310,238],[70,-711],[-329,51],[-414,-315],[39,-270],[-716,-391],[-867,208],[122,-655],[-293,-406]],[[12364,64905],[298,144],[-3,234],[-583,416],[3,1484],[-110,254]],[[11981,64911],[383,-6]],[[3032,70751],[100,-994],[293,-61],[-16,-1579],[185,-892],[273,27],[376,510],[37,-595],[491,-1559]],[[11969,67437],[-435,-230],[-264,-53],[-410,246],[-288,252],[-501,516],[-406,346],[-99,152],[-252,557],[-301,382],[-746,630],[-430,252],[-566,160],[-381,-8],[-409,138],[-179,106],[-373,132],[-793,-57],[-369,-225],[-254,-212],[-236,-254],[-627,-38],[-411,244],[-207,278]],[[3032,70751],[-274,286],[-548,368],[-275,120],[-164,-219],[-134,-415],[-269,-490],[-173,-199],[-355,-569],[-380,-296],[-266,-258],[-194,-1632],[12,-364],[126,-290],[673,-647],[74,-741],[133,-264],[-95,-348],[-19,-485],[339,-1516],[387,-468],[145,-676],[156,-533],[525,-290],[493,-242],[339,-370],[508,-725],[207,408],[228,90],[106,-340],[169,21],[63,-222],[266,-126],[197,85],[320,372],[566,-233]],[[24520,29813],[-159,-354],[-164,246],[-220,689],[-500,258],[-686,205],[62,358],[-278,656],[45,1453],[-52,372],[-143,-30],[-98,825],[178,310],[207,-44]],[[25232,22152],[75,210],[-206,-43],[28,559],[-288,71],[-23,327],[-179,45],[-9,234],[-135,-68],[14,1000],[-317,-77],[-113,910],[-118,-14],[-210,110],[91,622],[339,-43],[160,427],[-82,599],[124,211],[694,277],[37,-315],[389,148],[-73,207],[143,143],[-425,1103],[-238,522],[-390,496]],[[21393,19621],[780,-321],[176,981],[128,-179],[221,335],[140,-406],[271,57],[-143,-577],[542,362],[352,-41],[-31,-337],[150,-94],[-88,-321],[668,-162],[-35,1247],[310,-138],[-82,207],[76,226],[-94,122],[109,382],[-160,264],[188,368],[241,-106],[120,662]],[[20491,34271],[216,-327],[610,-228],[209,-359],[-170,-742],[-156,-309],[195,-398],[-57,-990],[121,-489],[-35,-1394],[-199,-516],[-130,-488],[13,-1277],[-34,-1482],[357,-110],[79,-628],[-607,-439],[-503,-341],[-39,-1067],[-350,-539],[331,-241],[-66,-768],[641,-175],[30,-382],[93,-338],[142,-184],[-158,-204],[172,-146],[197,-89]],[[22712,34757],[-130,1205],[-328,304],[138,139],[-203,668],[-344,-248],[-373,-782],[-457,-242],[-7,272],[-158,-81],[-236,-742],[175,-477],[-298,-502]],[[25230,42106],[229,-83],[227,333],[182,-288],[364,189],[123,374],[185,-340],[146,-20],[269,122],[269,183],[97,0],[220,-244],[55,41]],[[22925,47517],[200,-1257],[348,-455],[-190,-246],[275,-1392],[-109,-159],[133,-150],[326,329],[90,-1036],[268,195],[238,-598],[19,315],[454,21],[67,-736],[186,-242]],[[23094,47621],[-169,-104]],[[26161,48308],[-868,-303],[-744,-227],[-1001,-61],[-454,-96]],[[27596,42373],[128,249],[-317,655],[-196,-132],[-183,396],[-149,1920],[-254,-152],[-14,361],[259,157],[-70,457],[-230,-146],[-207,837],[242,142],[-132,476],[-235,-33],[-77,748]],[[25067,39654],[176,57],[534,762],[-275,808],[-122,-122],[-150,947]],[[22712,34757],[-4,-208],[1133,133],[-116,548],[397,910],[92,976],[-155,65],[18,1093],[552,1473],[455,157],[-17,-250]],[[18666,34706],[318,-85],[227,-116],[336,-289],[268,-290],[7,239],[285,354],[253,-345],[131,97]],[[17046,42165],[112,638],[218,-97],[104,743],[848,-351],[-101,-1494],[226,-14],[228,-888],[-109,-120],[439,53],[99,-689],[-314,-95],[160,-520],[461,-376],[-20,-734],[390,35],[-50,-520],[-719,-200],[-21,-329],[-305,-118],[98,-380],[-147,-642],[393,-644],[-290,-154],[-80,-563]],[[15887,43795],[-83,-555],[142,25],[0,-728],[507,122],[-35,-612],[628,118]],[[16941,45116],[-491,67],[-19,-423],[-335,75],[-159,-691],[125,-233],[-175,-116]],[[22925,47517],[-274,-150],[-1264,-890],[-537,-305],[-611,-235],[-356,-86],[-19,-183],[-1718,-364],[-166,-107],[-427,-81],[-612,0]],[[17046,42165],[9,-660],[-573,-67],[-259,-112],[-281,-624],[-863,25],[16,-289],[-126,-59],[250,-796],[-100,-139],[120,-459],[113,-187],[-12,-205],[216,-1132],[114,69],[527,-1359],[-9,-1000],[751,-292],[445,61],[158,-179],[565,34],[559,-89]],[[32401,46656],[-1093,697],[-1117,668],[-202,141],[-720,347]],[[30909,41991],[127,105],[17,-292],[607,239],[135,1402],[-212,350],[12,162],[147,224],[140,443],[-112,254],[69,217],[193,-24],[119,380],[134,-136],[104,152],[-107,492],[119,697]],[[27596,42373],[116,-41],[217,-193],[418,392],[665,-16],[440,290],[-33,569],[25,234],[869,-518],[104,177],[72,-523],[-102,-211],[281,-4],[11,-532],[230,-6]],[[29269,48509],[-360,61],[-1148,-41],[-513,-40],[-952,-122],[-135,-59]],[[25270,37100],[101,371],[-168,45],[345,413],[-158,579],[-419,294],[-69,458],[165,394]],[[25287,30945],[-123,303],[762,772],[70,288],[-177,524],[-327,-203],[88,277],[-289,1105],[226,163],[0,304],[351,-50],[204,599],[-124,55],[-196,813],[-307,380],[-84,526],[-311,116],[220,183]],[[24520,29813],[435,492],[332,640]],[[13224,49956],[-50,416],[-353,45],[-124,839],[112,143],[-181,670]],[[12113,46847],[190,1032],[170,-77],[58,301],[-123,65],[223,376],[-86,199],[131,477],[-7,191],[581,281],[-26,264]],[[12628,52069],[-167,-1115],[87,-482],[-479,291],[-269,14],[-574,138],[-11,831],[142,368],[-227,268],[-779,660],[-286,41],[-168,437],[-378,45],[-779,654],[-333,51],[-167,-354],[-551,665],[-239,717],[-152,-256],[-31,-2048],[-140,0],[-232,-173],[-132,14],[-69,-924],[228,-155],[193,-1091],[232,-492],[211,-59],[-268,-798],[149,-165],[91,-780],[792,148],[476,0],[513,-173],[987,-548],[478,-224],[1013,-569],[324,-158]],[[28563,31211],[-33,356],[-174,-65],[-33,367],[-193,-28],[-33,605],[-111,31],[-15,735],[-110,128],[175,27],[-155,136],[11,274],[191,677],[345,-114],[490,492],[160,-45],[57,285]],[[25287,30945],[333,-283],[425,80],[473,-533],[376,291],[-43,229],[186,254],[242,-6],[-37,295],[849,-299],[472,238]],[[29135,35072],[-737,386],[22,575],[-863,256],[-137,225],[-620,-6],[-81,275],[-318,-236],[-191,630],[-61,-67],[-391,-21],[-195,122],[-147,-122],[-146,11]],[[31848,37876],[-175,392],[-271,-337],[-126,691],[-762,-212],[11,362],[383,187],[302,1178],[-301,1854]],[[31920,36193],[188,856],[-260,827]],[[29135,35072],[632,122],[338,617],[135,-87],[47,-427],[66,289],[230,30],[117,279],[46,-281],[191,0],[138,303],[47,-187],[336,39],[363,558],[99,-134]],[[16941,45116],[110,1345],[-195,219],[34,478],[1019,51],[-202,227],[12,289],[240,183],[105,2308]],[[12113,46847],[751,-402],[-39,-220],[-309,114],[-93,-496],[469,-215],[-121,-1014],[313,-151],[-59,-634],[255,-130],[608,-191],[65,417],[187,-102],[72,236],[134,-169],[47,336],[677,-411],[83,592],[734,-612]],[[18064,50216],[-591,234],[-47,690],[-622,-152],[-344,386],[30,555],[-341,-27],[-83,94],[-76,252],[-73,569],[-264,201],[-377,-776],[-617,87],[-12,-203],[106,-159],[-14,-182],[-139,-224],[-183,69],[-8,-307],[-145,45],[-152,-691],[-177,128],[-461,-319],[7,-595],[-257,65]],[[23094,47621],[-160,646],[-117,-36],[-110,473],[-122,45],[-38,152]],[[20135,50307],[6,-491],[-271,54],[-18,-166],[-1788,512]],[[22547,48901],[-53,285],[-118,176],[-317,244],[-269,102],[-244,223],[-269,21],[-391,203],[-439,-41],[-312,193]],[[54720,48566],[134,390],[372,295],[49,741],[302,728],[248,-159],[124,356],[-370,805],[154,851],[-136,128],[291,855],[-153,155],[175,335],[-220,295],[221,370],[-91,217],[542,772]],[[52638,55052],[-135,-248],[544,-752],[-86,-118],[354,-766],[-226,-315],[1234,-2271],[-263,-360],[366,-1036],[-138,-301],[41,-461],[391,142]],[[54842,57037],[-702,-1335],[-108,248],[-275,-339],[-189,284],[-211,-378],[-174,275],[-149,-171],[-107,173],[-289,-742]],[[56362,55700],[-187,226],[-208,345],[-315,163],[-195,183],[-234,406],[-147,102],[-85,-204],[-149,116]],[[50058,56399],[97,488],[504,410],[92,590],[-360,373],[165,415],[128,-122],[88,240],[-442,668],[316,868]],[[48717,58630],[33,-912],[189,-461],[308,756],[414,-437],[58,-537],[192,75],[147,-715]],[[49397,61526],[-132,-1028],[71,-2],[-122,-533],[-69,21],[-80,-669],[-106,-301],[-242,-384]],[[50646,60329],[-173,291],[-318,239],[-49,86],[-61,447],[-122,244],[-123,0],[-145,-163],[-258,53]],[[41589,65582],[-446,101],[-10,214]],[[40293,59234],[146,674],[-93,868],[517,1433],[-291,605],[-31,518],[494,116],[-96,96],[146,601],[122,-77],[241,798],[104,-8],[37,724]],[[37367,60630],[425,24],[100,-305],[266,-207],[297,77],[391,-406],[281,274],[189,-422],[43,148],[372,-417],[302,218],[260,-380]],[[37073,61178],[294,-548]],[[36465,67813],[-386,-1242],[1127,-1426],[-305,-273],[0,-323],[571,-369],[92,-888],[-24,-275],[28,-258],[-175,-593],[-368,-384],[188,-366],[-140,-238]],[[41133,65897],[-246,128],[-195,40],[-369,-20],[-217,-181],[-122,0],[-120,161],[-173,121],[-318,-101],[-122,61],[-172,223],[-219,407],[-97,569],[-86,284],[-122,142],[-537,200],[-135,-159],[-48,-284],[-74,-143],[-268,-304],[-246,81],[-195,223],[-228,447],[-196,102],[-163,-81]],[[41589,65582],[886,-4],[326,-200],[403,-23],[11,165]],[[43215,65520],[-1217,665],[-122,0],[-293,-181],[-246,82],[-66,-230],[-138,41]],[[54720,48566],[97,-549],[-315,-599],[92,-199],[217,565],[141,-6],[-179,-888],[175,-163],[195,65],[41,636],[488,-26],[300,-289]],[[59438,52132],[-550,685],[-112,207],[-195,524],[-147,240],[-171,146],[-171,326],[-745,629],[-195,102],[-415,484],[-244,105],[-131,120]],[[47512,52857],[-43,1331],[-308,159],[-156,977],[-586,699],[104,264]],[[43938,48231],[105,461],[208,-55],[6,630],[1057,-504],[329,658],[252,-402],[595,110],[263,457],[-53,1433],[205,0],[454,1828],[153,10]],[[40830,47960],[170,-489],[649,235],[367,-58],[15,-269],[825,455],[3,472],[171,179],[908,-254]],[[39857,52083],[102,-272],[-118,-925],[-122,-91],[30,-1077],[668,264],[55,-223],[309,0],[33,-498],[-231,-581],[-68,-354],[39,-162],[276,-204]],[[39804,52939],[33,-163],[171,-264],[12,-163],[-163,-266]],[[41186,56397],[275,-185],[-950,-1325],[47,-241],[-61,-204],[-232,-365],[-49,-285],[-122,-223],[0,-244],[-61,-163],[-171,-101],[-58,-122]],[[43403,58746],[-563,-177],[-642,183],[-402,-207],[-275,-551],[-11,-831],[-324,-766]],[[46523,56287],[186,126],[-140,122],[146,657],[-146,487],[-250,132],[183,675],[-397,254],[62,376],[-129,118],[-292,130],[-40,-457],[-206,14],[-21,-685],[-352,-1122],[447,-284],[115,-595],[-156,-53],[-693,162],[72,208],[-920,1182],[-260,551],[-178,-4],[-151,465]],[[49397,61526],[-280,315],[-366,343],[-98,20],[-244,-97],[-293,37],[-122,142],[13,201],[-526,835],[-244,-102],[-25,-162],[-122,122],[49,288],[122,362],[-72,183]],[[46523,56287],[750,-193],[108,269],[-110,107],[339,1177],[-86,280],[248,514],[525,-172],[134,603],[286,-242]],[[45421,64982],[-142,-449],[98,-225],[-286,-452],[127,-225],[-61,-711],[-258,-583],[-306,50],[-199,-589],[-224,-134],[-44,-750],[-162,-457],[-152,81],[-38,-715],[-371,-1077]],[[47189,64013],[-579,-461],[-47,410],[-303,-99],[-139,-153],[-105,327],[-595,945]],[[50467,49942],[12,-374],[268,441],[248,81],[100,-488],[220,108],[220,-307],[208,138],[334,-294],[103,-671],[-110,-711],[574,-1697],[460,238],[156,-601],[-140,-124],[179,-641]],[[50666,55269],[-91,-193],[-154,45],[86,-516],[-95,-797],[403,-315],[-98,-270],[85,-325],[-12,-406],[92,82],[113,-449],[-128,-182],[-107,98],[-61,-413],[382,-587],[-254,-232],[-147,-288],[-185,-80],[-74,-148],[46,-351]],[[52638,55052],[-416,859],[-192,-361],[-394,538],[-272,-634],[-245,177],[-105,-620],[-348,258]],[[50666,55269],[-364,291],[134,567],[-378,272]],[[49327,50340],[142,-734],[156,-24],[5,356],[217,-244],[214,315],[44,-250],[362,183]],[[47512,52857],[244,13],[-72,-462],[141,-14],[16,-209],[307,-77],[295,-671],[87,356],[199,67],[295,-311],[333,-551],[-129,-187],[99,-471]],[[54842,57037],[-389,270],[-244,204],[-244,386],[-271,142],[-279,488],[-293,266],[-342,120],[-146,122],[-391,-61],[-171,85],[-85,199],[-12,203],[-196,224],[-73,-20],[-159,-326],[-220,122],[-244,0],[-134,244],[-49,325],[-171,124],[-83,175]],[[45421,64982],[-281,431],[-13,278],[-211,529]],[[40293,59234],[387,-2327],[506,-510]],[[44916,66220],[-162,-182],[-300,-32],[-313,241],[-113,-7],[-278,-392],[-316,-281],[-219,-47]],[[35515,56237],[11,-250],[-429,-437],[38,-878],[-209,-108],[-177,-327],[166,-162],[42,-502],[249,-435],[837,406],[899,382],[562,71],[1305,29],[-85,-272],[788,225],[181,-313],[-122,-514],[233,-213]],[[37367,60630],[-128,-179],[29,-951],[-245,-79],[34,-370],[-635,-209],[24,-163],[-287,-278],[-113,477],[-324,-51],[200,-670],[-102,-382],[281,-244],[-284,-400],[55,-332],[-131,-319],[-226,-243]],[[38653,32528],[146,-8],[-144,404],[-185,-71],[18,654],[-108,51],[-26,874],[247,408],[110,-211],[-40,991],[-161,368],[-293,244],[17,376],[-100,492],[-308,-163],[-46,880],[-64,262],[-345,931],[-391,-177],[37,-222],[-351,-89],[67,-400],[-806,-67],[-97,274],[-401,-65],[0,-209],[-320,-208],[-44,315],[-353,-351],[-229,524],[362,1264]],[[37025,33054],[983,-39],[122,-487],[523,0]],[[32295,31201],[360,620],[407,335],[85,-110],[192,766],[361,504],[396,232],[112,-120],[929,553],[88,-474],[133,41],[-58,-364],[327,268],[144,-394],[408,471],[584,-723],[262,248]],[[31920,36193],[17,-256],[-241,-367],[93,-468],[-304,-341],[258,-421],[184,136],[115,-388],[-56,-185],[183,-717],[-250,-201],[218,-744],[108,-528],[50,-512]],[[34845,39599],[-203,-126],[-76,144],[-480,-69],[-147,-142],[-232,-447],[-341,-366],[-123,20],[-183,326],[-146,81],[-429,-508],[-73,107],[-333,-611],[-231,-132]],[[34781,27411],[-197,768],[49,254],[-491,-26],[-326,418],[-343,-197],[-391,460],[-158,-374],[-94,-73],[0,197],[-368,-289],[-275,309],[-233,-413],[-203,332],[130,213],[-82,309],[-134,16],[193,150]],[[32042,25873],[485,144],[261,-398],[557,433],[185,-321],[207,483],[412,323],[93,-142],[452,752],[-79,219],[166,45]],[[30577,27633],[312,-13],[321,671],[369,-150],[291,-602],[-83,-97],[162,-1534],[93,-35]],[[30188,28718],[321,-478],[68,-607]],[[31858,29465],[-148,431],[-408,-162],[0,203],[-209,73],[-905,-1292]],[[23078,11726],[285,547],[118,-146],[86,152],[-76,181],[238,213],[-83,106]],[[23646,12779],[-101,-71],[-98,171],[-329,-378],[-150,491],[-118,67],[-246,-605],[-13,-228],[107,-203],[380,-297]],[[26260,16235],[92,134],[-119,411],[-287,85],[486,634],[-367,283],[273,585],[-168,252],[179,225],[-74,616],[244,705],[-358,732]],[[24716,12602],[288,-175],[473,364],[529,-508],[500,140],[-22,210],[-435,172],[377,431],[-41,315],[251,81],[54,622],[-79,161],[-162,-226],[-57,354],[-228,-23],[-66,342],[-258,195],[420,1178]],[[21393,19621],[83,-502],[-83,-171],[55,-236],[177,-292],[228,-821],[296,-183],[502,-1181],[-562,-900],[401,-1221],[379,-475],[666,-29],[331,-335],[353,10],[174,126],[489,43],[37,-319],[-203,-533]],[[26161,20897],[-57,-130],[-225,223],[10,376],[-215,327],[-331,-160],[28,599],[-139,20]],[[39736,30662],[-94,149],[36,936],[-286,531],[-490,61],[-27,-224],[-222,413]],[[39753,30069],[-158,248],[141,345]],[[38455,27369],[440,953],[760,885],[130,401],[-32,461]],[[34848,27450],[27,-301],[426,-634],[269,16],[0,-520],[333,128],[170,-595],[372,311],[-90,370],[344,491],[171,-380],[245,140],[314,324],[298,89],[65,-173],[199,179],[255,408],[209,66]],[[37025,33054],[364,-864],[-98,-201],[188,-374],[-58,-276],[169,-264],[220,-183],[66,-163],[-388,-365],[-164,335],[-668,274],[-255,697],[-537,-6],[76,-376],[-138,-256],[-96,236],[-818,-478],[-204,17],[185,-517],[73,-831],[-173,-164],[500,-1177],[-430,-372],[9,-296]],[[28895,16418],[-28,368],[-185,31],[180,607],[-493,421],[-110,662],[259,136],[44,392],[338,-101],[341,331],[238,-258],[95,250],[-336,260],[-52,295],[104,882],[193,369]],[[26260,16235],[121,-120],[-104,-302],[75,-380],[648,99],[225,-227],[-3,215],[301,61],[95,-516],[189,400],[350,-179],[-126,836],[127,61],[245,-311],[440,146],[52,400]],[[27531,21961],[-824,-564],[-453,225],[66,-396],[-159,-329]],[[29483,21063],[-41,348],[-376,-216],[-469,220],[-542,-382],[-487,481],[-37,447]],[[23078,11726],[162,-94],[29,-179],[-251,-312],[-72,-595],[325,-959],[-232,-821],[59,-520],[-698,-1673],[-90,-676],[89,-166],[270,-117],[195,143],[98,0],[244,-265],[586,-182],[220,-204],[171,-244],[196,-121],[97,-163],[159,-528],[232,-407],[244,-304],[220,-122],[195,-326],[318,-304],[134,-244],[61,-244],[-12,-244],[-86,-284],[-158,-325],[-37,-447],[296,-799],[207,599],[327,362],[294,142],[197,218],[225,1097],[366,-234],[237,122],[91,-223],[269,1463],[319,18],[-56,364],[134,569],[25,365],[171,610],[-76,254],[63,234],[-171,528],[-48,51],[46,252],[133,53],[216,1111],[484,384],[113,-219],[507,-17],[152,628],[72,868],[64,1233],[-213,405],[79,282],[-109,679],[-184,108],[237,142],[342,-86],[360,523],[16,382],[79,274]],[[24716,12602],[-391,-99],[-418,341],[-261,-65]],[[31010,13541],[-437,1378],[117,357],[-402,110],[-162,-386],[-284,175],[-49,-179],[-54,514],[-167,112],[71,221],[-274,376],[-244,236],[-230,-37]],[[31858,29465],[14,777],[-123,221],[546,738]],[[28563,31211],[61,-500],[148,96],[37,-671],[282,165],[88,-283],[179,224],[159,-663],[162,12],[6,-353],[248,-480],[255,-40]],[[33632,19576],[130,173],[-158,802],[157,268],[-513,458],[-412,239],[-413,198],[-407,249],[-183,149],[226,550],[-297,90],[-5,894],[-142,-59],[-86,291],[-250,36],[298,398],[7,429],[138,-150],[205,347],[69,317],[-120,187],[166,431]],[[29483,21063],[185,1199],[496,-400],[389,-90],[51,441],[238,-162],[161,-248],[475,12],[842,-236],[362,-329],[329,-469],[511,-821],[110,-384]],[[30577,27633],[-224,-15],[-167,-351],[-44,-366],[238,-223],[-84,-308],[-374,174],[-294,-3],[2,-221],[-162,-69],[166,-154],[-630,-1313],[-103,-874],[-438,689],[-291,-429],[-221,287],[-156,-466],[231,-136],[-181,-396],[144,-132],[-30,-455],[-154,-67],[-7,-378],[-267,-466]],[[35008,17898],[-614,-1675],[266,-170],[-224,-411],[409,65],[7,-396],[-232,142],[-52,-339]],[[34568,15114],[428,-279],[224,364],[6,-230],[93,230],[-116,260],[203,20],[11,297],[514,-366],[-110,348],[264,-203],[378,20],[-174,520],[184,65],[156,-160],[184,313],[-746,457],[-32,339],[-475,354],[-14,290],[-538,145]],[[39753,30069],[109,132],[174,-339],[89,111],[-25,291],[323,506],[220,-41],[73,102],[184,528],[140,98],[470,-234],[198,-607],[13,-395],[-476,-684],[161,61],[132,-366],[287,437],[546,227],[-12,331],[376,259],[82,-447],[0,-326],[73,-162],[122,-81],[256,-447],[110,-244],[0,-122],[-134,-569],[101,-512],[235,-270],[321,256],[52,-244],[164,414],[147,-183],[396,1128],[49,285],[181,158]],[[43824,36266],[-264,-243],[20,-311],[176,20],[78,-482],[-201,153],[-68,-772],[-452,-96],[-116,-628],[-382,114],[-271,-321],[-6,431],[-162,-150],[-36,365],[-886,346],[-50,-189],[-61,229],[-502,-512],[-572,122],[-73,-209],[211,-187],[-174,-1046],[339,-285],[-226,-213],[208,-1429],[-202,-321],[-416,10]],[[45336,36222],[-218,-71],[41,-332],[-1002,-288],[-158,36],[2,360],[-177,339]],[[33543,18727],[-157,597],[246,252]],[[33088,15075],[-156,439],[87,372],[115,167],[310,-299],[99,268],[-204,128],[246,335],[-287,368],[94,390],[-116,108],[13,679],[302,10],[13,183],[-208,95],[147,409]],[[31010,13541],[375,-203],[620,276],[174,-388],[165,447],[454,297],[82,827],[208,278]],[[34781,27411],[67,39]],[[33088,15075],[546,-1044],[324,213],[199,514],[298,-544],[-235,-482],[335,289],[72,339],[-182,307],[144,71],[-21,376]],[[35008,17898],[-363,166],[-301,226],[-85,-171],[-512,518],[-204,90]],[[38455,27369],[265,-681],[-79,-234],[118,-189],[-116,-229],[238,-193],[386,-1319],[674,380],[96,349],[460,-258],[834,61],[-54,-250],[200,-105],[153,-728],[199,0],[354,144],[250,291],[-74,496],[451,213],[745,309],[450,-280],[428,514],[553,207],[79,-130],[238,252],[213,406],[359,1587],[-194,722],[474,946]],[[34204,63285],[11,378],[81,324],[-137,1265],[198,313],[-305,947],[-320,462],[369,56],[199,-386],[171,134],[-5,689]],[[33429,63554],[195,-90],[406,-40],[174,-139]],[[30770,67128],[218,-1175],[446,145],[194,-14],[156,-324],[367,-304],[-90,-250],[689,-407],[313,-481],[104,-620],[262,-144]],[[34466,67467],[-233,102],[-171,203],[-246,100],[-161,-143],[-396,-16],[-406,-169],[-152,-8],[-149,159],[-5,138],[-146,163],[-293,20],[-319,-203],[-72,-285],[-98,-101],[-195,-41],[-264,-144],[-390,-114]],[[21315,56824],[-407,1022],[174,477],[-88,397],[-114,-45],[31,1884]],[[15718,58185],[244,-1172],[354,142],[-64,-331],[110,-234],[1447,-366],[-16,-436],[395,-198],[433,-613],[953,-346],[260,-315],[177,-20],[128,309],[1028,890],[-39,234],[110,65],[-151,77],[-87,461],[150,187],[165,305]],[[16841,61757],[-293,-772],[256,-953],[41,-1379],[-560,22],[-567,-490]],[[17922,62834],[-210,-233],[-259,-1051],[-612,207]],[[20911,60559],[-220,0],[-195,101],[-306,524],[-293,431],[-110,492],[-85,240],[-220,140],[-293,104],[-85,-21],[-256,-447],[-245,43],[-73,79],[-37,285],[-270,-43],[-170,144],[-131,203]],[[22547,48901],[106,476],[525,73],[596,508],[-59,422],[267,338],[-80,1516],[170,504],[399,-35],[209,-98],[865,496],[-315,1352],[376,56],[-118,100],[-156,252],[1001,811],[214,-183],[285,1026],[151,376]],[[21597,57147],[199,-388],[220,-41],[134,275],[280,-604],[213,-614],[-298,-260],[-245,193],[-347,-853],[-1057,-1036],[-291,-724],[244,-526],[296,-417],[305,-81],[-925,55],[-284,-573],[94,-1246]],[[24012,59126],[-1148,-736],[13,-575],[-86,-487],[-73,-82],[-337,31],[-117,-114],[-422,195],[-245,-211]],[[26983,56891],[-345,453],[-351,-128],[-458,488],[-689,122],[-133,-157],[-246,665],[-682,270],[-67,522]],[[32480,55590],[-128,214],[-37,487],[62,163],[244,183],[97,244],[147,183],[37,162],[244,346],[36,406],[196,203],[61,325],[171,143],[97,162],[159,447],[-61,480],[-83,109],[54,537],[106,431],[-166,465],[24,508],[-401,-311],[194,923],[231,97],[208,459],[-599,-50],[7,349]],[[32411,55469],[69,121]],[[29006,52833],[889,254],[-205,360],[0,162],[98,325],[-9,403],[556,-27],[94,264],[712,122],[210,193],[146,305],[98,-20],[171,142],[440,-20],[205,173]],[[26983,56891],[440,-472],[153,-900],[2,-223],[-244,-224],[-37,-284],[260,-1108],[-121,-75],[75,-404],[467,234],[-55,-242],[1099,2],[-16,-362]],[[25883,61873],[-601,-953],[-68,212],[-154,-49],[95,-348],[-121,-567],[-338,-221],[-476,-841],[-208,20]],[[33380,63255],[-1003,102],[-142,-888],[-277,132],[-104,634],[-253,53],[-7,-153],[-708,-177],[85,-630],[-121,-61],[-358,340],[-693,-398],[-329,219],[-132,211],[-69,-457],[-31,-540],[-315,229],[-333,-116],[-40,133],[-451,-283],[-385,142],[-219,-544],[-243,394],[-177,-112],[-346,364],[-834,-203],[-12,227]],[[21597,57147],[-282,-323]],[[14518,58693],[-150,-619],[87,-116],[-285,-545],[-112,-506],[-183,96],[-56,-340],[-165,94],[-35,-216],[-184,-81],[20,-650],[-160,-431],[267,-284],[-277,-545],[230,-388],[-461,-557],[-29,-158],[-333,-104],[-64,-1274]],[[15718,58185],[-1200,508]],[[25883,61873],[-202,575],[125,640]],[[25806,63088],[-158,-10],[-219,-406],[-257,-142],[-220,0],[-195,-204],[-562,61],[-158,-406],[-269,-386],[-220,-366],[-146,-162],[-196,40],[-195,285],[-159,81],[-293,-183],[-268,-223],[-281,-508],[-220,-80],[-586,19],[-293,61]],[[29006,52833],[92,-3038],[171,-1286]],[[32401,46656],[157,959],[-475,516],[-453,-93],[-194,-285],[-160,671],[120,542],[160,-278],[337,782],[128,713],[-417,120],[-149,128],[703,1110],[375,447],[339,246],[340,189],[79,87],[-35,599],[-193,-75],[-52,494],[-415,-126],[74,471],[134,27],[-31,416],[-280,-40],[-21,400],[262,16],[-30,462],[-232,50],[-61,265]],[[37073,61178],[-220,435],[-296,-34],[-238,-106],[-326,-675],[-268,431],[-424,-321],[18,914],[-149,702],[-404,341],[-409,-77],[-153,497]],[[32480,55590],[202,11],[220,142],[268,61],[342,162],[318,82],[268,-41],[244,163],[391,121],[122,122],[171,0],[373,88],[116,-264]],[[33429,63554],[-49,-299]],[[36465,67813],[-83,-41],[-416,20],[-316,80],[-294,-100],[-244,100],[-269,-39],[-195,-305],[-182,-61]],[[30770,67128],[-223,97],[-222,-58],[-322,-352],[-533,-506],[-122,20],[-317,204],[-196,-82],[-158,-244],[-124,-487],[-96,-244],[-122,-122],[-170,102],[-221,-82],[-122,-528],[12,-325],[-85,-163],[-415,-467],[-440,-386],[-244,183],[-98,0],[-269,-407],[-244,-243],[-122,-41],[-111,91]],[[12364,64905],[235,-35],[-82,-197],[-58,-739],[119,-39],[-44,-1246],[58,-601],[468,-126],[441,-449],[628,-173],[455,-435],[-9,-642],[80,-374],[47,-428],[-184,-728]],[[16841,61757],[-351,458],[-194,162],[468,819],[361,868],[-122,152],[-171,102],[-293,264],[-464,162],[-207,285],[-110,406],[-25,366],[-134,447],[-293,447],[-452,467],[-378,102],[-562,427],[-293,162],[-342,-40],[-293,-224],[-147,41],[-328,282],[-212,-14],[-330,-461]],[[37719,44756],[-525,309],[128,335],[-290,183],[-83,-163],[-140,322],[-210,24],[-79,-254],[-431,230],[-101,-718],[-131,112],[-220,61],[-373,20]],[[37145,43561],[574,1195]],[[34845,39599],[413,-173],[171,61],[220,0],[309,447],[-175,214],[28,219],[216,71],[19,254],[448,4],[87,193],[403,661],[175,900],[-322,288],[308,823]],[[35264,45217],[-848,61],[-171,61],[-1124,772],[-720,545]],[[48741,45422],[-45,157],[-464,61],[6,309],[-37,325],[-122,244],[-122,447],[0,244],[86,284],[-110,291],[-73,359],[77,342],[-80,731],[152,122],[131,386],[267,153],[135,392],[354,-199],[135,353],[45,-168],[251,85]],[[43791,42438],[833,97],[244,0],[379,-162],[658,-419],[67,839],[349,27],[248,-47],[-121,672],[187,88],[-100,593],[626,374],[73,-829],[279,-345],[151,164],[73,-20],[196,183],[220,345],[219,122],[171,244],[133,321],[-35,573],[100,164]],[[43938,48231],[107,-181],[-92,-770],[90,-299],[-201,-555],[257,-1365],[-516,122],[52,-525],[-232,-816],[8,-512],[434,20],[-54,-912]],[[48741,45422],[197,259],[78,-486],[132,-8],[65,-742],[-157,-142],[-115,-923],[85,-571]],[[42615,39635],[-73,-310],[586,-346],[-6,-264],[-342,-65],[-20,-788],[667,-258],[138,-819],[259,-519]],[[43791,42438],[-510,-45],[-171,61],[-495,-2819]],[[42615,39635],[-397,55],[-293,102],[-317,203],[-464,386],[-464,346],[-290,357],[-467,293],[-879,345],[-196,102],[-635,528],[-694,726],[-374,483]],[[37719,44756],[223,152],[-54,449],[118,-83],[677,1687],[403,630],[439,386],[995,-392],[310,375]],[[39857,52083],[-105,-99],[-342,20],[-244,-102],[-318,-40],[-171,-102],[-220,-284],[-171,-122],[-244,-61],[-317,20],[-334,-294],[-204,111],[-293,-20],[-122,-142],[-97,-244],[-171,-81],[-159,-183],[-293,223],[-220,-40],[-110,-265],[-49,-955],[-36,-203],[-161,-298],[97,-118],[-34,-1274],[-287,36],[-112,-662],[183,-1128],[-59,-559]],[[70974,31278],[6380,9966],[-1049,342],[-9503,15160],[-12799,8162],[-3816,-961],[-1082,12],[-1468,424],[-448,-370]],[[44916,66220],[-624,300],[-264,25],[-224,-237],[-227,-367],[-185,-174],[-247,-9],[-509,372],[-305,47],[-295,205],[-427,113],[-343,200],[-345,347],[-507,774],[-421,512],[-459,412],[-480,299],[-280,87],[-287,6],[-178,-47],[-505,-220],[-426,-66],[-403,200],[-1113,291],[-995,334],[-845,345],[-995,465],[-242,57],[-284,-2],[-360,-109],[-376,-259],[-206,-219],[-546,-731],[-343,-397],[-311,-295],[-840,-700],[-132,-81],[-467,-160],[-306,-190],[-199,-287],[-196,-613],[-79,-138],[-525,-307],[-504,-573],[-175,-227],[-534,-303],[-127,-124],[-353,-471],[-397,-223],[-142,-200],[-183,-439],[-110,-120],[-376,-124],[-610,-51],[-357,-101],[-122,-89],[-333,-378],[-301,-96],[-557,-346],[-450,-173],[-177,-140],[-252,-308],[-389,-133],[-318,-9],[-190,124],[-251,290],[-405,668],[-298,270],[-305,152],[-343,-27],[-267,-231],[-507,457],[-155,-2],[-205,-242]],[[74750,27480],[144,-632],[11,-325],[111,-370],[293,-402],[318,-203],[362,-51],[25,108],[344,-126],[-20,-118],[412,-238],[342,79],[415,183],[464,122],[659,102],[416,160],[538,23],[267,244],[416,203],[244,181],[195,225],[183,325],[99,325],[121,773],[440,568],[244,452],[122,402],[0,162],[-98,326],[86,284],[16,228],[66,54],[217,-54],[184,-272],[54,-220],[76,49],[290,560],[245,167],[146,-24],[61,-651],[220,-853],[73,-122],[586,-589],[489,-447],[268,-427],[74,-61],[219,81],[416,-40],[390,0],[342,81],[293,142],[246,41],[218,406],[220,185],[181,325],[88,445],[146,41],[293,-81],[293,81],[367,732],[-37,243],[86,167],[73,-207],[195,223],[99,325],[36,285],[97,203],[415,467],[147,325],[98,65],[464,-44],[61,-122],[-122,-366],[-49,-366],[-147,-24],[-171,-199],[-73,-240],[-147,-227],[-73,-285],[25,-488],[146,-447],[293,-565],[220,-532],[269,-390],[244,-98],[85,224],[-36,122],[-196,183],[37,101],[195,21],[183,447],[147,-41],[317,-303],[196,0],[122,-368],[146,-142],[49,244],[-85,244],[-12,203],[-220,244],[-122,-142],[-147,20],[-122,203],[-37,199],[123,289],[139,138],[-30,224],[171,187],[74,0],[244,-204],[171,-42],[76,164],[-149,183],[12,488],[-49,205],[73,567],[-97,404],[-257,571],[-244,346],[-183,325],[36,40],[293,-284],[342,-549],[147,-325],[171,-650],[85,-770],[25,-774],[49,-163],[48,163],[49,1138],[-36,365],[-147,773],[95,-82],[76,-244],[195,-1097],[110,-138],[0,-1752],[-12,-201],[-173,0],[0,-124],[149,-207],[129,87],[17,2030],[60,102],[221,-61],[98,81],[271,370],[107,362],[86,-37],[-25,-211],[-364,-687],[-51,-203],[-12,-366],[-208,-345],[13,-86],[268,45],[61,-122],[-171,-183],[-85,-244],[-37,-487],[98,-61],[49,406],[61,207],[171,220],[317,203],[25,283],[-49,449],[-49,812],[122,21],[61,-898],[86,-78],[0,409],[97,160],[135,490],[-25,120],[-244,146],[-49,321],[159,118],[415,-138],[269,-203],[146,-183],[464,-732],[73,21],[-174,400],[-303,616],[-84,284],[12,325],[85,447],[159,-181],[122,0],[281,506],[147,102],[24,-122],[-88,-284],[76,-21],[159,325],[97,41],[318,-142],[317,-244],[147,-20],[290,203],[369,-102],[195,61],[538,-183],[366,-20],[293,-81],[71,-203],[295,243],[358,494],[180,339],[73,326],[61,609],[0,565],[-85,695],[-159,650],[-257,529],[-366,650],[-244,589],[-196,61],[-84,406],[-367,41],[-341,349],[-87,220],[-158,772],[-86,325],[-209,488],[-145,447],[-431,847],[-228,250],[-220,163],[-61,162],[-147,84],[-122,-84],[-513,-183],[-171,-20],[-97,346],[-74,0],[-268,-244],[-269,-147],[-269,25],[-341,406],[-440,0],[-79,-530],[-192,55],[100,617],[0,163],[-146,366],[-74,487],[-195,122],[-147,-122],[-293,143],[-244,-61],[-392,-43],[-365,-221],[-269,-82],[-439,37],[-196,85],[-195,163],[-440,548],[-195,305],[-98,732],[-317,426],[-171,-183],[-440,244],[-75,0],[-59,-244],[-195,-40],[-98,101],[98,366],[171,264],[-220,346],[-269,-102],[-415,-40],[-73,-61],[-61,-242],[-124,-84],[-192,102],[-344,307],[-366,404],[-159,325],[25,529],[-257,528],[-48,280],[-74,817],[-195,447],[-269,264],[-391,204],[-219,0],[-356,-206],[-388,-262],[-465,43],[-269,-165],[-195,-264],[-196,-61],[-219,61],[-248,183],[-485,-20],[-171,101],[122,285],[86,325],[0,244],[-122,142],[-123,-41],[-183,-690],[-73,-100],[-61,282],[49,671],[-159,18],[12,-363],[-45,-149],[-174,230],[-98,-122],[146,-187],[-12,-159],[-244,244],[-366,732],[-147,345],[-37,203],[-122,204],[-390,243],[-293,-81],[-74,102],[135,406],[-219,305],[-184,449],[-196,161],[-85,284],[-25,284],[-110,488],[0,1061],[-48,788],[-245,0],[-244,242],[-146,530],[-257,732],[-36,731],[-159,651],[24,365],[122,325],[-61,326],[-134,369],[-269,484],[-219,203],[-232,403],[-376,857],[-174,650],[-391,386],[-228,279],[-468,392],[-122,61],[-172,-41],[-122,122],[-267,-488],[-243,-264],[-99,41],[-220,347],[-220,120],[-268,0],[-196,-142],[-342,-486],[-195,-2],[-147,427],[-195,366],[-244,0],[-246,406],[-195,163],[-316,162],[-391,305],[-98,43],[-220,-43],[-341,-142],[-269,142],[-147,163],[-335,621],[-641,1086],[-391,243],[-391,100],[-365,0],[-234,221],[-292,-18],[-220,-95],[-122,16],[-196,183],[-145,0],[-123,-244],[-232,122],[-196,-18],[-122,-84],[-256,-487],[-73,-61],[-269,-19],[-244,-164],[-121,-21],[-221,82],[-195,142],[-294,-183],[-219,0],[-196,-345],[-488,-386],[-221,-82],[-219,-325],[-232,122],[-439,0],[-391,285],[-537,544],[-269,350],[-440,365],[-195,244],[-232,403],[-342,308],[-391,0],[-683,224],[-245,244],[-218,325],[-199,101],[-254,326],[-318,284],[-146,183],[-415,305],[-391,406],[-354,608],[-318,428],[-195,305],[-269,307],[-171,100],[-146,-82],[-183,224],[-196,162],[-195,82],[-144,183],[-195,487],[-395,366],[-438,528],[-367,508],[-219,366],[-220,305],[-305,528],[-391,610],[-220,813],[-244,530],[-195,303],[-207,733],[-123,59],[-76,244],[112,203],[-48,524],[-159,289],[85,488],[-134,609],[61,549],[0,699],[-61,359],[-98,100],[-217,-41],[-125,447],[-317,427],[-855,754],[-371,126],[-410,217],[-244,163],[-245,41],[-146,81],[-487,691],[-344,569],[-219,284],[-342,203],[-660,549],[-390,449],[-415,303],[-98,122],[-440,406],[-268,199],[-220,106],[-367,41],[-268,-82],[-244,102],[-245,158],[-171,370],[-293,228],[-122,179],[-305,934],[-110,529],[-195,406],[-196,289],[-365,341],[-294,488],[-513,508],[-268,528],[-245,325],[-488,305],[-414,162],[-734,630],[-315,427],[-320,325],[-415,528],[-269,427],[-317,325],[-122,179],[-171,370],[-185,611],[-96,202],[-244,365],[-269,41],[-244,-203],[-98,-25],[-268,248],[-831,344],[-268,144],[-183,-122],[0,-162],[109,-285],[0,-244],[-58,-142],[-125,106],[-110,-45],[-207,-488],[36,-528],[-232,-187],[-73,-199],[-12,-447],[133,-366],[123,-183],[535,-366],[430,-711],[195,-101],[171,-183],[98,-325],[73,-447],[196,-305],[464,-589],[122,-285],[232,-650],[110,-203],[268,-305],[177,-484],[287,-471],[391,-407],[684,-934],[610,-650],[147,-206],[317,-325],[342,-140],[220,-163],[514,-447],[512,-162],[122,-102],[220,-325],[244,-162],[369,-533],[315,-524],[219,-447],[482,-658],[153,-155],[365,-488],[173,122],[195,-61],[147,21],[462,392],[197,-26],[39,-326],[120,-325],[268,-491],[122,-159],[403,-691],[245,-305],[488,-508],[317,-61],[295,-304],[84,-285],[12,-650],[281,-1057],[-24,-406],[134,-772],[49,-488],[73,-284],[122,-976],[0,-239],[-183,-614],[35,-285],[-23,-365],[49,-204],[147,-284],[268,-201],[149,-185],[95,-610],[110,-325],[196,-187],[244,-118],[171,-243],[171,-82],[171,-244],[342,-402],[316,-597],[209,-342],[207,-650],[253,-536],[28,-297],[-134,-366],[-37,-731],[343,-1219],[243,-492],[86,-240],[19,-349],[-80,-61],[-244,0],[-245,-78],[-97,-284],[-271,-345],[-145,60],[-415,346],[-232,6],[-222,177],[-144,0],[-366,223],[-367,41],[-513,-122],[-230,140],[-87,-225],[195,-260],[0,-285],[61,-526],[-97,-331],[57,-466],[138,23],[111,-427]],[[70974,31278],[147,-244],[165,-71],[201,91],[318,61],[146,-227],[49,-484],[195,-406]],[[93564,41783],[537,163],[159,-224],[-49,-365],[-87,-285],[-195,-223],[-11,-204],[-122,-162],[-73,223],[-98,21],[-305,-305],[-391,427],[-98,203],[13,244],[97,247],[293,114],[55,171],[275,-45]],[[48203,75941],[145,0],[220,-183],[195,-305],[86,-565],[-122,-349],[-538,40],[-221,224],[-356,26],[-94,173],[24,370],[195,61],[220,386],[246,122]],[[44916,66220],[96,252],[97,406],[260,127],[27,468],[-195,71],[-138,-112],[-189,-320],[-397,-31],[-235,-203],[-163,33],[-146,-252],[-363,-493],[-174,-188],[-184,-76],[-333,229],[-116,172],[-421,72],[-163,82],[-104,1203],[-118,413],[-166,315],[-308,317],[-151,237],[-454,1421],[-104,181],[-207,140],[-632,-85],[-171,-226],[-318,41],[-341,243],[-303,-34],[-76,301],[61,201],[147,142],[390,-366],[171,-61],[440,0],[317,84],[25,99],[-232,305],[97,242],[220,-303],[147,-22],[97,103],[-36,366],[-247,305],[-181,305],[-14,325],[-242,731],[-182,732],[-270,101],[-244,183],[-195,281],[-37,211],[-159,280],[-134,122],[-513,122],[-464,203],[-220,224],[-244,144],[-293,325],[-171,80],[-220,20],[-134,305],[-172,183],[-439,384],[-195,103],[-438,447],[-417,305],[-317,366],[-391,199],[-317,85],[-86,204],[-24,243],[-122,143],[-367,223],[-244,24],[-195,139],[-318,122],[-344,467],[-217,102],[-196,162],[-268,325],[-245,346],[-415,264],[-327,426],[-222,569],[-196,305],[-244,205],[-220,-22],[-195,102],[-415,-122],[-98,-142],[-85,-285],[0,-162],[183,-265],[-76,-223],[308,-468],[293,-264],[98,-40],[488,-41],[195,-61],[159,-162],[62,-529],[146,-244],[438,-487],[245,-386],[171,-204],[242,-408],[113,-282],[-25,-285],[-171,-183],[-293,183],[-122,203],[159,264],[-74,244],[-170,61],[-196,-101],[-61,183],[122,182],[-12,163],[-220,142],[-220,0],[-256,-325],[-61,285],[-73,81],[-318,40],[-122,143],[-122,325],[-293,38],[-366,470],[-488,406],[-489,346],[-171,-122],[-171,20],[-342,187],[-537,423],[-98,16],[-464,-220],[-122,21],[-806,-691],[-122,-285],[-159,-91],[-85,-559],[-13,-487],[98,-366],[134,-325],[245,-346],[290,-244],[174,-101],[464,-183],[439,-488],[74,-122],[317,-248],[415,-463],[293,-488],[196,-203],[342,-183],[487,-203],[394,-325],[459,-146],[174,-138],[171,-224],[219,-366],[489,-894],[256,-569],[49,-325],[-171,-532],[-206,-362],[-190,-664],[-190,-514],[-366,-531],[-281,-485],[-293,-143],[-147,-142],[-158,-264],[-342,-284],[-439,-285],[-147,-244],[-74,-244],[-85,-528],[-86,-244],[-97,-81],[-440,-224],[-415,0],[-271,-121],[-169,-143],[-220,-321],[-317,-248],[-208,-447],[-363,-325],[-345,-447],[-97,-203],[-25,-366],[-49,-122],[-270,0],[-278,-107],[-216,89],[-275,270],[-609,-414],[-98,-41],[-293,-325],[-205,-378],[-112,-130],[-220,81],[-220,0],[-269,-61],[-293,-162],[-340,-407],[-148,-122],[-159,-40],[-195,162],[-183,325],[-220,21],[-293,284],[-171,21],[-220,-82],[-183,240],[-283,-116],[-230,-22],[-269,102],[-244,325],[-268,81],[-245,20],[-272,-34],[187,-250],[247,-468]],[[34086,75392],[195,-20],[257,-183],[220,20],[183,-646],[244,-411],[146,-121],[147,0],[61,101],[76,366],[339,-163],[73,-244],[184,-365],[244,-366],[244,20],[293,-203],[171,-447],[269,-325],[366,-732],[195,-223],[245,-366],[244,-203],[215,16],[89,-282],[-291,-283],[-318,-203],[-145,-203],[-149,-81],[-146,183],[-464,180],[-318,-38],[-268,305],[-293,182],[-440,346],[-488,301],[-159,-98],[-157,256],[-295,211],[-218,82],[-172,140],[-196,331],[98,565],[-73,406],[-232,569],[207,122],[86,183],[-61,203],[134,143],[-232,325],[-159,487],[49,163]]],"transform":{"scale":[0.007987725418066569,-0.004800048000480005],"translate":[80.61772295938067,490]}}